<configuration>

  <appender name="FILE" class="ch.qos.logback.core.FileAppender">
    <file>./log/pixie.log</file>
    <encoder>
      <pattern>%-30(%date %level) %-20([%thread]) %-50(%logger{50}) %-30([%file:%line]) %msg%n</pattern>
    </encoder>
  </appender>

  <appender name="STDOUT" class="ch.qos.logback.core.ConsoleAppender">
    <encoder>
      <pattern>%-30(%date %-5level) [%-20(%thread)] %-50(%logger{50}) %-30([%file:%line]) %msg%n</pattern>
    </encoder>
  </appender>

  <appender name="TEXTAREA" class="common.TextAreaAppender" />
  
  <root level="info">
    <appender-ref ref="FILE" />
    <appender-ref ref="STDOUT" />
    <appender-ref ref="TEXTAREA" />
  </root>
</configuration>